{"_wandb":{"runtime":48},"_timestamp":1.7406341196390796e+09,"_runtime":48.501859466,"_step":7273,"episode":3636,"reward":5,"loss":0}