{"_timestamp":1.7407891325394392e+09,"_runtime":70446.123911545,"_step":29999,"_wandb":{"runtime":70446},"episode":29999,"reward":2189.359205719594,"Critic_loss":3487.303955078125,"Policy_loss":-37456.56640625}