{"Critic-loss":1.3599945306777954,"reward":752.8759531823849,"loss":29.386619567871094,"_wandb":{"runtime":101074},"_timestamp":1.7405787129280336e+09,"_runtime":101073.764925654,"_step":89999,"episode":29999}