{"_runtime":16616.145233468,"_step":19999,"episode":9999,"loss":6.0641765e+06,"_wandb":{"runtime":16616},"reward":-5389.493550635346,"_timestamp":1.7401398334164066e+09}