{"_timestamp":1.7406351539187243e+09,"_runtime":3.057287648,"_step":1,"_wandb":{"runtime":3},"episode":0,"Critic-loss":0.5245288610458374}