{"_timestamp":1.7406353842629576e+09,"_runtime":513.064411205,"_step":59999,"loss":-11.96058177947998,"_wandb":{"runtime":513},"episode":29999,"reward":4}