{"_step":59999,"loss":-2795.359130859375,"_wandb":{"runtime":2853},"episode":29999,"reward":24.24546411620684,"_timestamp":1.740389675280788e+09,"_runtime":2852.948948675}