{"loss":-2.0720267295837402,"_wandb":{"runtime":8},"Critic-loss":2.3836023807525635,"_timestamp":1.7407074164053874e+09,"_runtime":8.030347426,"_step":303,"episode":151,"reward":3}