{"_wandb":{"runtime":16399},"episode":6858,"reward":-7.07160096114676e+27,"_timestamp":1.7401932352959018e+09,"_runtime":16399.116554816,"_step":13717,"loss":1.828700341611341e+29}