{"_wandb":{"runtime":3},"episode":0,"reward":7,"_timestamp":1.7406327921221213e+09,"_runtime":3.381744489,"_step":0}