{"_timestamp":1.7406337377019725e+09,"_runtime":324.846729176,"_step":60049,"episode":29999,"loss":0,"Critic-loss":0.30970731377601624,"_wandb":{"runtime":325},"reward":6}