{"reward":5,"_timestamp":1.7406330829931765e+09,"_runtime":3.676522363,"_step":160,"episode":80,"loss":0,"Critic-loss":0.5065444111824036,"_wandb":{"runtime":3}}