{"_timestamp":1.7403413453789415e+09,"_runtime":54411.245233999,"loss":1.4928457e+07,"_wandb":{"runtime":54411},"_step":59999,"episode":29999,"reward":-4521.340050182343}