{"_timestamp":1.7405505717643578e+09,"_wandb":{"runtime":3},"_runtime":3.013190302,"_step":0,"episode":0,"Critic-loss":0.9660525321960449}