{"_wandb":{"runtime":2289},"episode":1004,"reward":-13389.780608038624,"_timestamp":1.7401508722948914e+09,"_runtime":2289.51834517,"_step":2009,"loss":-717873.5}