{"_wandb":{"runtime":100975},"episode":29999,"Critic-loss":1.5689445734024048,"_timestamp":1.7405993335265899e+09,"_runtime":100974.452386953,"_step":89999,"reward":599.5061317361346,"loss":-187.830078125}