{"_timestamp":1.7406332430503042e+09,"_runtime":19.413351491,"_step":2660,"loss":0,"Critic-loss":1.8503191471099854,"_wandb":{"runtime":19},"episode":1330,"reward":4}