{"_step":381,"loss":0,"_wandb":{"runtime":4},"episode":190,"reward":10,"_timestamp":1.740633032803756e+09,"_runtime":4.69744743}