{"_timestamp":1.740707163014446e+09,"_runtime":2.637607763,"_step":0,"episode":0,"Critic-loss":0.9521016478538513,"_wandb":{"runtime":2}}