{"_runtime":10.066504474,"_step":1442,"loss":0,"Critic-loss":1.2087769508361816,"_wandb":{"runtime":10},"episode":721,"reward":3,"_timestamp":1.7406328595911913e+09}