{"loss":49381.6015625,"_wandb":{"runtime":52320},"episode":29999,"reward":-413.4917530907106,"_timestamp":1.7403371286149287e+09,"_runtime":52320.493988869,"_step":59999}