{"_runtime":16000.375751002,"loss":557801.625,"_wandb":{"runtime":16000},"_step":19999,"episode":9999,"reward":-9953.345974507873,"_timestamp":1.7401381017174468e+09}