{"_timestamp":1.7401213708168027e+09,"_runtime":4.148102013,"_step":1,"loss":-933313.875,"_wandb":{"runtime":4},"episode":0,"reward":-1162.1692973718646}