{"_wandb":{"runtime":747},"_timestamp":1.740551384583405e+09,"_runtime":747.376332677,"_step":89999,"episode":29999,"Critic-loss":0.032925400882959366,"reward":4,"loss":6.954516887664795}