{"_step":89999,"episode":29999,"reward":940.1521722601749,"loss":88.97666931152344,"_wandb":{"runtime":102543},"Critic-loss":0.9765954613685608,"_timestamp":1.7406432443760536e+09,"_runtime":102542.290793678}