{"reward":1015.3045407014108,"loss":-134.83763122558594,"_wandb":{"runtime":101662},"episode":29999,"Critic-loss":1.2235307693481445,"_timestamp":1.7406316284725254e+09,"_runtime":101661.534637272,"_step":89999}