{"loss":1.09732976e+08,"_wandb":{"runtime":52589},"episode":29999,"reward":-36754.603388555326,"_timestamp":1.7402909704303381e+09,"_runtime":52588.792105733,"_step":59999}