{"_timestamp":1.7403760104220617e+09,"_runtime":3039.511956041,"_step":59999,"loss":-139.1590576171875,"_wandb":{"runtime":3039},"episode":29999,"reward":125.80677296988551}