{"_step":89999,"reward":836.9069980544593,"loss":-169.49557495117188,"_wandb":{"runtime":101853},"episode":29999,"Critic-loss":1.253218412399292,"_timestamp":1.7406019535826516e+09,"_runtime":101852.17388602}