{"episode":29999,"reward":3,"_timestamp":1.7405480928468924e+09,"_runtime":498.950043995,"_step":59999,"loss":1.6128424406051636,"_wandb":{"runtime":499}}