{"_step":59999,"episode":29999,"loss":28926.9375,"_wandb":{"runtime":6582},"reward":-28.77654438982611,"_timestamp":1.7403934683991485e+09,"_runtime":6582.205925902}