{"_step":59999,"episode":29999,"reward":1159.8745729140521,"_timestamp":1.7405723729093976e+09,"loss":32834.6640625,"_wandb":{"runtime":66330},"_runtime":66329.768358502}