{"_timestamp":1.7401563734369872e+09,"_runtime":16532.154616017,"_step":19999,"episode":9999,"reward":-18012.697570657085,"loss":1.211159e+06,"_wandb":{"runtime":16532}}