{"episode":29999,"reward":3.7588453675365834,"_timestamp":1.7401867771039934e+09,"_runtime":1091.658177986,"_step":59999,"loss":-1509.4937744140625,"_wandb":{"runtime":1091}}