{"_step":59999,"loss":-30797.65625,"_wandb":{"runtime":64912},"episode":29999,"reward":2878.2948305076306,"_timestamp":1.7405425500438015e+09,"_runtime":64910.886187491}