{"_wandb":{"runtime":303},"episode":4999,"reward":3,"_timestamp":1.740556150130605e+09,"_runtime":303.171624699,"_step":9999,"loss":-1.7399438619613647}