{"_timestamp":1.7405386830093672e+09,"_runtime":1948.954709982,"_step":59999,"loss":22.39286994934082,"_wandb":{"runtime":1949},"episode":29999,"reward":19}