{"_wandb":{"runtime":54493},"_step":59999,"episode":29999,"reward":-10753.989389029157,"_timestamp":1.7402454216047318e+09,"_runtime":54492.987416879,"loss":2.0932912e+07}