{"_timestamp":1.740121532612542e+09,"_runtime":4.355322897,"_step":1,"loss":-973151.875,"_wandb":{"runtime":4},"episode":0,"reward":-1183.0502546139514}