{"reward":10,"_timestamp":1.740633206218207e+09,"_runtime":7.7656301039999995,"_step":1004,"loss":0,"Critic-loss":0.6976938247680664,"_wandb":{"runtime":7},"episode":502}