{"_wandb":{"runtime":102212},"episode":29999,"Critic-loss":1.5386351346969604,"_timestamp":1.7406442709923916e+09,"_runtime":102211.08862042,"_step":89999,"reward":777.1495334173917,"loss":-84.65115356445312}