{"_timestamp":1.7408023536809647e+09,"_runtime":69146.156299342,"_step":29999,"episode":29999,"_wandb":{"runtime":69146},"reward":3563.749015056431,"Critic_loss":5212.0439453125,"Policy_loss":-43385.22265625}