{"Critic-loss":0.012291377410292625,"_timestamp":1.7405502362140288e+09,"_runtime":7040.900521511,"_step":89999,"reward":3,"loss":0.09036393463611603,"_wandb":{"runtime":7041},"episode":29999}