{"reward":-54090.951715009076,"_timestamp":1.740338889781625e+09,"loss":2.0158752e+08,"_wandb":{"runtime":54059},"_runtime":54059.317298684,"_step":59999,"episode":29999}