{"_step":1,"episode":0,"reward":-1123.3245706490097,"_timestamp":1.7401214454088511e+09,"loss":-886339.75,"_wandb":{"runtime":4},"_runtime":4.118932913}