{"_timestamp":1.7402271468387883e+09,"_runtime":70765.303318302,"_step":59999,"loss":-1.103378e+08,"_wandb":{"runtime":70765},"episode":29999,"reward":-20383.862912133798}