{"_runtime":102440.680163025,"_step":89999,"episode":29999,"Critic-loss":1.927991271018982,"_timestamp":1.740632378126541e+09,"reward":666.428044697599,"loss":-261.5480041503906,"_wandb":{"runtime":102441}}