{"_wandb":{"runtime":2523},"episode":29999,"reward":-220.078319049491,"_timestamp":1.7403728189077833e+09,"_runtime":2523.980008193,"_step":59999,"loss":52577.73828125}